coordinates,average coordinates
112,107
112,108
112,109
112,110
112,219
112,220
112,221
112,222
112,333
112,334
112,335
112,336
112,445
112,446
112,447
112,448
112,560
112,561
112,562
112,563
112,672
112,673
112,674
112,675
112,786
112,787
112,788
112,789
112,898
112,899
112,900
112,901
113,107
113,108
113,109
113,110
113,219
113,220
113,221
113,222
113,333
113,334
113,335
113,336
113,445
113,446
113,447
113,448
113,560
113,561
113,562
113,563
113,672
113,673
113,674
113,675
113,786
113,787
113,788
113,789
113,898
113,899
113,900
113,901
114,107
114,108
114,109
114,110
114,219
114,220
114,221
114,222
114,333
114,334
114,335
114,336
114,445
114,446
114,447
114,448
114,560
114,561
114,562
114,563
114,672
114,673
114,674
114,675
114,786
114,787
114,788
114,789
114,898
114,899
114,900
114,901
115,107
115,108
115,109
115,110
115,219
115,220
115,221
115,222
115,333
115,334
115,335
115,336
115,445
115,446
115,447
115,448
115,560
115,561
115,562
115,563
115,672
115,673
115,674
115,675
115,786
115,787
115,788
115,789
115,898
115,899
115,900
115,901
225,107
225,108
225,109
225,110
225,219
225,220
225,221
225,222
225,223
225,332
225,333
225,334
225,335
225,336
225,445
225,446
225,447
225,448
225,449
225,559
225,560
225,561
225,562
225,563
225,672
225,673
225,674
225,675
225,676
225,785
225,786
225,787
225,788
225,789
225,898
225,899
225,900
225,901
225,902
226,107
226,108
226,109
226,110
226,219
226,220
226,221
226,222
226,223
226,332
226,333
226,334
226,335
226,336
226,445
226,446
226,447
226,448
226,449
226,558
226,559
226,560
226,561
226,562
226,563
226,672
226,673
226,674
226,675
226,676
226,785
226,786
226,787
226,788
226,789
226,898
226,899
226,900
226,901
226,902
226,1011
226,1012
226,1013
226,1014
227,107
227,108
227,109
227,110
227,219
227,220
227,221
227,222
227,223
227,332
227,333
227,334
227,335
227,336
227,445
227,446
227,447
227,448
227,449
227,558
227,559
227,560
227,561
227,562
227,563
227,672
227,673
227,674
227,675
227,676
227,785
227,786
227,787
227,788
227,789
227,898
227,899
227,900
227,901
227,902
227,1011
227,1012
227,1013
227,1014
228,107
228,108
228,109
228,110
228,219
228,220
228,221
228,222
228,223
228,332
228,333
228,334
228,335
228,336
228,445
228,446
228,447
228,448
228,449
228,558
228,559
228,560
228,561
228,562
228,563
228,672
228,673
228,674
228,675
228,676
228,785
228,786
228,787
228,788
228,789
228,898
228,899
228,900
228,901
228,902
228,1011
228,1012
228,1013
228,1014
229,219
229,220
229,221
229,222
229,223
229,332
229,333
229,334
229,335
229,336
229,445
229,446
229,447
229,448
229,449
229,558
229,559
229,560
229,561
229,562
229,672
229,673
229,674
229,675
229,676
229,785
229,786
229,787
229,788
229,789
229,898
229,899
229,900
229,901
229,902
229,1011
229,1012
229,1013
229,1014
338,219
338,220
338,221
338,222
338,223
338,332
338,333
338,334
338,335
338,336
338,445
338,446
338,447
338,448
338,449
338,559
338,560
338,561
338,562
338,672
338,673
338,674
338,675
338,676
338,785
338,786
338,787
338,788
338,789
338,898
338,899
338,900
338,901
338,902
338,1011
338,1012
338,1013
338,1014
339,107
339,108
339,109
339,110
339,219
339,220
339,221
339,222
339,223
339,332
339,333
339,334
339,335
339,336
339,445
339,446
339,447
339,448
339,449
339,456
339,457
339,458
339,459
339,468
339,469
339,470
339,471
339,479
339,480
339,481
339,482
339,491
339,492
339,493
339,494
339,502
339,503
339,504
339,505
339,514
339,515
339,516
339,517
339,525
339,526
339,527
339,528
339,536
339,537
339,538
339,539
339,548
339,549
339,550
339,551
339,559
339,560
339,561
339,562
339,672
339,673
339,674
339,675
339,676
339,785
339,786
339,787
339,788
339,789
339,898
339,899
339,900
339,901
339,902
339,1011
339,1012
339,1013
339,1014
340,107
340,108
340,109
340,110
340,219
340,220
340,221
340,222
340,223
340,332
340,333
340,334
340,335
340,336
340,445
340,446
340,447
340,448
340,449
340,456
340,457
340,458
340,459
340,468
340,469
340,470
340,471
340,479
340,480
340,481
340,482
340,491
340,492
340,493
340,494
340,502
340,503
340,504
340,505
340,514
340,515
340,516
340,517
340,525
340,526
340,527
340,528
340,536
340,537
340,538
340,539
340,548
340,549
340,550
340,551
340,559
340,560
340,561
340,562
340,672
340,673
340,674
340,675
340,676
340,785
340,786
340,787
340,788
340,789
340,898
340,899
340,900
340,901
340,902
340,1011
340,1012
340,1013
340,1014
341,107
341,108
341,109
341,110
341,219
341,220
341,221
341,222
341,223
341,332
341,333
341,334
341,335
341,336
341,445
341,446
341,447
341,448
341,449
341,456
341,457
341,458
341,459
341,468
341,469
341,470
341,471
341,479
341,480
341,481
341,482
341,491
341,492
341,493
341,494
341,502
341,503
341,504
341,505
341,514
341,515
341,516
341,517
341,525
341,526
341,527
341,528
341,536
341,537
341,538
341,539
341,548
341,549
341,550
341,551
341,559
341,560
341,561
341,562
341,672
341,673
341,674
341,675
341,676
341,785
341,786
341,787
341,788
341,789
341,898
341,899
341,900
341,901
341,902
341,1011
341,1012
341,1013
341,1014
342,107
342,108
342,109
342,110
342,219
342,220
342,221
342,222
342,223
342,332
342,333
342,334
342,335
342,336
342,445
342,446
342,447
342,448
342,449
342,456
342,457
342,458
342,459
342,468
342,469
342,470
342,471
342,479
342,480
342,481
342,482
342,491
342,492
342,493
342,494
342,502
342,503
342,504
342,505
342,514
342,515
342,516
342,517
342,525
342,526
342,527
342,528
342,536
342,537
342,538
342,539
342,548
342,549
342,550
342,551
342,672
342,673
342,674
342,675
342,676
342,785
342,786
342,787
342,788
342,789
342,898
342,899
342,900
342,901
342,902
349,446
349,447
349,448
349,449
349,457
349,458
349,459
349,460
349,467
349,468
349,469
349,470
349,480
349,481
349,482
349,483
349,490
349,491
349,492
349,493
349,503
349,504
349,505
349,506
349,513
349,514
349,515
349,516
349,517
349,525
349,526
349,527
349,528
349,529
349,535
349,536
349,537
349,538
349,539
349,548
349,549
349,550
349,551
349,552
350,446
350,447
350,448
350,449
350,450
350,456
350,457
350,458
350,459
350,460
350,467
350,468
350,469
350,470
350,471
350,479
350,480
350,481
350,482
350,483
350,490
350,491
350,492
350,493
350,494
350,502
350,503
350,504
350,505
350,506
350,513
350,514
350,515
350,516
350,517
350,524
350,525
350,526
350,527
350,528
350,529
350,535
350,536
350,537
350,538
350,539
350,540
350,547
350,548
350,549
350,550
350,551
350,552
350,558
350,559
350,560
351,446
351,447
351,448
351,449
351,450
351,456
351,457
351,458
351,459
351,460
351,467
351,468
351,469
351,470
351,471
351,472
351,478
351,479
351,480
351,481
351,482
351,483
351,490
351,491
351,492
351,493
351,494
351,495
351,501
351,502
351,503
351,504
351,505
351,506
351,513
351,514
351,515
351,516
351,517
351,524
351,525
351,526
351,527
351,528
351,529
351,535
351,536
351,537
351,538
351,539
351,540
351,547
351,548
351,549
351,550
351,551
351,552
351,558
351,559
351,560
351,561
352,447
352,448
352,449
352,450
352,456
352,457
352,458
352,459
352,460
352,467
352,468
352,469
352,470
352,471
352,472
352,478
352,479
352,480
352,481
352,482
352,483
352,490
352,491
352,492
352,493
352,494
352,495
352,501
352,502
352,503
352,504
352,505
352,506
352,513
352,514
352,515
352,516
352,517
352,524
352,525
352,526
352,527
352,528
352,529
352,535
352,536
352,537
352,538
352,539
352,540
352,547
352,548
352,549
352,550
352,551
352,552
352,558
352,559
352,560
352,561
352,562
353,448
353,449
353,450
353,456
353,457
353,458
353,459
353,460
353,468
353,469
353,470
353,471
353,472
353,478
353,479
353,480
353,481
353,482
353,491
353,492
353,493
353,494
353,495
353,501
353,502
353,503
353,504
353,505
353,513
353,514
353,515
353,516
353,517
353,524
353,525
353,526
353,527
353,528
353,536
353,537
353,538
353,539
353,540
353,547
353,548
353,549
353,550
353,551
353,558
353,559
353,560
353,561
353,562
354,456
354,457
354,458
354,459
354,469
354,470
354,471
354,472
354,478
354,479
354,480
354,481
354,492
354,493
354,494
354,495
354,501
354,502
354,503
354,504
354,559
354,560
354,561
354,562
360,456
360,457
360,458
360,459
360,469
360,470
360,471
360,472
360,478
360,479
360,480
360,481
360,492
360,493
360,494
360,495
360,501
360,502
360,503
360,504
360,514
360,515
360,516
360,517
360,524
360,525
360,526
360,527
360,537
360,538
360,539
360,540
360,547
360,548
360,549
360,550
360,559
360,560
360,561
360,562
361,446
361,447
361,448
361,449
361,456
361,457
361,458
361,459
361,460
361,468
361,469
361,470
361,471
361,472
361,478
361,479
361,480
361,481
361,482
361,491
361,492
361,493
361,494
361,495
361,501
361,502
361,503
361,504
361,505
361,513
361,514
361,515
361,516
361,517
361,524
361,525
361,526
361,527
361,528
361,536
361,537
361,538
361,539
361,540
361,547
361,548
361,549
361,550
361,551
361,558
361,559
361,560
361,561
361,562
362,446
362,447
362,448
362,449
362,456
362,457
362,458
362,459
362,460
362,467
362,468
362,469
362,470
362,471
362,472
362,478
362,479
362,480
362,481
362,482
362,483
362,490
362,491
362,492
362,493
362,494
362,495
362,501
362,502
362,503
362,504
362,505
362,506
362,513
362,514
362,515
362,516
362,517
362,524
362,525
362,526
362,527
362,528
362,529
362,535
362,536
362,537
362,538
362,539
362,540
362,547
362,548
362,549
362,550
362,551
362,552
362,558
362,559
362,560
362,561
362,562
363,446
363,447
363,448
363,449
363,456
363,457
363,458
363,459
363,460
363,467
363,468
363,469
363,470
363,471
363,472
363,478
363,479
363,480
363,481
363,482
363,483
363,490
363,491
363,492
363,493
363,494
363,495
363,501
363,502
363,503
363,504
363,505
363,506
363,513
363,514
363,515
363,516
363,517
363,524
363,525
363,526
363,527
363,528
363,529
363,535
363,536
363,537
363,538
363,539
363,540
363,547
363,548
363,549
363,550
363,551
363,552
363,558
363,559
363,560
363,561
364,446
364,447
364,448
364,449
364,456
364,457
364,458
364,459
364,460
364,467
364,468
364,469
364,470
364,471
364,479
364,480
364,481
364,482
364,483
364,490
364,491
364,492
364,493
364,494
364,502
364,503
364,504
364,505
364,506
364,513
364,514
364,515
364,516
364,517
364,525
364,526
364,527
364,528
364,529
364,535
364,536
364,537
364,538
364,539
364,548
364,549
364,550
364,551
364,552
364,558
364,559
364,560
365,457
365,458
365,459
365,460
365,467
365,468
365,469
365,470
365,480
365,481
365,482
365,483
365,490
365,491
365,492
365,493
365,503
365,504
365,505
365,506
365,513
365,514
365,515
365,516
365,526
365,527
365,528
365,529
365,535
365,536
365,537
365,538
365,549
365,550
365,551
365,552
371,457
371,458
371,459
371,460
371,513
371,514
371,515
371,516
372,446
372,447
372,448
372,449
372,456
372,457
372,458
372,459
372,460
372,461
372,467
372,468
372,469
372,470
372,471
372,479
372,480
372,481
372,482
372,483
372,490
372,491
372,492
372,493
372,494
372,502
372,503
372,504
372,505
372,506
372,512
372,513
372,514
372,515
372,516
372,517
372,525
372,526
372,527
372,528
372,529
372,535
372,536
372,537
372,538
372,539
372,548
372,549
372,550
372,551
372,552
373,446
373,447
373,448
373,449
373,456
373,457
373,458
373,459
373,460
373,461
373,467
373,468
373,469
373,470
373,471
373,472
373,478
373,479
373,480
373,481
373,482
373,483
373,490
373,491
373,492
373,493
373,494
373,495
373,501
373,502
373,503
373,504
373,505
373,506
373,512
373,513
373,514
373,515
373,516
373,517
373,524
373,525
373,526
373,527
373,528
373,529
373,535
373,536
373,537
373,538
373,539
373,540
373,547
373,548
373,549
373,550
373,551
373,552
373,559
373,560
373,561
373,562
374,446
374,447
374,448
374,449
374,456
374,457
374,458
374,459
374,460
374,461
374,467
374,468
374,469
374,470
374,471
374,472
374,478
374,479
374,480
374,481
374,482
374,483
374,490
374,491
374,492
374,493
374,494
374,495
374,501
374,502
374,503
374,504
374,505
374,506
374,512
374,513
374,514
374,515
374,516
374,517
374,524
374,525
374,526
374,527
374,528
374,529
374,535
374,536
374,537
374,538
374,539
374,540
374,547
374,548
374,549
374,550
374,551
374,552
374,559
374,560
374,561
374,562
375,446
375,447
375,448
375,449
375,456
375,457
375,458
375,459
375,460
375,461
375,467
375,468
375,469
375,470
375,471
375,472
375,478
375,479
375,480
375,481
375,482
375,483
375,490
375,491
375,492
375,493
375,494
375,495
375,501
375,502
375,503
375,504
375,505
375,506
375,512
375,513
375,514
375,515
375,516
375,517
375,524
375,525
375,526
375,527
375,528
375,529
375,535
375,536
375,537
375,538
375,539
375,540
375,547
375,548
375,549
375,550
375,551
375,552
375,559
375,560
375,561
375,562
376,456
376,457
376,458
376,459
376,460
376,468
376,469
376,470
376,471
376,472
376,478
376,479
376,480
376,481
376,482
376,491
376,492
376,493
376,494
376,495
376,501
376,502
376,503
376,504
376,505
376,513
376,514
376,515
376,516
376,517
376,524
376,525
376,526
376,527
376,528
376,536
376,537
376,538
376,539
376,540
376,547
376,548
376,549
376,550
376,551
376,559
376,560
376,561
376,562
383,456
383,457
383,458
383,459
383,460
383,468
383,469
383,470
383,471
383,472
383,478
383,479
383,480
383,481
383,482
383,491
383,492
383,493
383,494
383,495
383,501
383,502
383,503
383,504
383,505
383,513
383,514
383,515
383,516
383,517
383,524
383,525
383,526
383,527
383,528
383,536
383,537
383,538
383,539
383,540
383,547
383,548
383,549
383,550
383,551
383,559
383,560
383,561
383,562
384,446
384,447
384,448
384,449
384,456
384,457
384,458
384,459
384,460
384,461
384,467
384,468
384,469
384,470
384,471
384,472
384,478
384,479
384,480
384,481
384,482
384,483
384,490
384,491
384,492
384,493
384,494
384,495
384,501
384,502
384,503
384,504
384,505
384,506
384,512
384,513
384,514
384,515
384,516
384,517
384,524
384,525
384,526
384,527
384,528
384,529
384,535
384,536
384,537
384,538
384,539
384,540
384,547
384,548
384,549
384,550
384,551
384,552
384,559
384,560
384,561
384,562
385,446
385,447
385,448
385,449
385,456
385,457
385,458
385,459
385,460
385,461
385,467
385,468
385,469
385,470
385,471
385,472
385,478
385,479
385,480
385,481
385,482
385,483
385,490
385,491
385,492
385,493
385,494
385,495
385,501
385,502
385,503
385,504
385,505
385,506
385,512
385,513
385,514
385,515
385,516
385,517
385,524
385,525
385,526
385,527
385,528
385,529
385,535
385,536
385,537
385,538
385,539
385,540
385,547
385,548
385,549
385,550
385,551
385,552
385,559
385,560
385,561
385,562
386,446
386,447
386,448
386,449
386,456
386,457
386,458
386,459
386,460
386,461
386,467
386,468
386,469
386,470
386,471
386,472
386,478
386,479
386,480
386,481
386,482
386,483
386,490
386,491
386,492
386,493
386,494
386,495
386,501
386,502
386,503
386,504
386,505
386,506
386,512
386,513
386,514
386,515
386,516
386,517
386,524
386,525
386,526
386,527
386,528
386,529
386,535
386,536
386,537
386,538
386,539
386,540
386,547
386,548
386,549
386,550
386,551
386,552
386,559
386,560
386,561
386,562
387,446
387,447
387,448
387,449
387,456
387,457
387,458
387,459
387,460
387,461
387,467
387,468
387,469
387,470
387,471
387,479
387,480
387,481
387,482
387,483
387,490
387,491
387,492
387,493
387,494
387,502
387,503
387,504
387,505
387,506
387,512
387,513
387,514
387,515
387,516
387,517
387,525
387,526
387,527
387,528
387,529
387,535
387,536
387,537
387,538
387,539
387,548
387,549
387,550
387,551
387,552
388,457
388,458
388,459
388,460
388,513
388,514
388,515
388,516
394,457
394,458
394,459
394,460
394,467
394,468
394,469
394,470
394,480
394,481
394,482
394,483
394,490
394,491
394,492
394,493
394,503
394,504
394,505
394,506
394,513
394,514
394,515
394,516
394,526
394,527
394,528
394,529
394,535
394,536
394,537
394,538
394,549
394,550
394,551
394,552
395,446
395,447
395,448
395,449
395,456
395,457
395,458
395,459
395,460
395,467
395,468
395,469
395,470
395,471
395,479
395,480
395,481
395,482
395,483
395,490
395,491
395,492
395,493
395,494
395,502
395,503
395,504
395,505
395,506
395,513
395,514
395,515
395,516
395,517
395,525
395,526
395,527
395,528
395,529
395,535
395,536
395,537
395,538
395,539
395,548
395,549
395,550
395,551
395,552
395,558
395,559
395,560
396,446
396,447
396,448
396,449
396,456
396,457
396,458
396,459
396,460
396,467
396,468
396,469
396,470
396,471
396,472
396,478
396,479
396,480
396,481
396,482
396,483
396,490
396,491
396,492
396,493
396,494
396,495
396,501
396,502
396,503
396,504
396,505
396,506
396,513
396,514
396,515
396,516
396,517
396,524
396,525
396,526
396,527
396,528
396,529
396,535
396,536
396,537
396,538
396,539
396,540
396,547
396,548
396,549
396,550
396,551
396,552
396,558
396,559
396,560
396,561
397,446
397,447
397,448
397,449
397,456
397,457
397,458
397,459
397,460
397,467
397,468
397,469
397,470
397,471
397,472
397,478
397,479
397,480
397,481
397,482
397,483
397,490
397,491
397,492
397,493
397,494
397,495
397,501
397,502
397,503
397,504
397,505
397,506
397,513
397,514
397,515
397,516
397,517
397,524
397,525
397,526
397,527
397,528
397,529
397,535
397,536
397,537
397,538
397,539
397,540
397,547
397,548
397,549
397,550
397,551
397,552
397,558
397,559
397,560
397,561
397,562
398,446
398,447
398,448
398,449
398,456
398,457
398,458
398,459
398,460
398,468
398,469
398,470
398,471
398,472
398,478
398,479
398,480
398,481
398,482
398,491
398,492
398,493
398,494
398,495
398,501
398,502
398,503
398,504
398,505
398,513
398,514
398,515
398,516
398,517
398,524
398,525
398,526
398,527
398,528
398,536
398,537
398,538
398,539
398,540
398,547
398,548
398,549
398,550
398,551
398,558
398,559
398,560
398,561
398,562
399,456
399,457
399,458
399,459
399,469
399,470
399,471
399,472
399,478
399,479
399,480
399,481
399,492
399,493
399,494
399,495
399,501
399,502
399,503
399,504
399,514
399,515
399,516
399,517
399,524
399,525
399,526
399,527
399,537
399,538
399,539
399,540
399,547
399,548
399,549
399,550
399,559
399,560
399,561
399,562
405,456
405,457
405,458
405,459
405,469
405,470
405,471
405,472
405,478
405,479
405,480
405,481
405,492
405,493
405,494
405,495
405,501
405,502
405,503
405,504
405,514
405,515
405,516
405,517
405,524
405,525
405,526
405,527
405,537
405,538
405,539
405,540
405,547
405,548
405,549
405,550
405,559
405,560
405,561
405,562
406,448
406,449
406,450
406,456
406,457
406,458
406,459
406,460
406,468
406,469
406,470
406,471
406,472
406,478
406,479
406,480
406,481
406,482
406,491
406,492
406,493
406,494
406,495
406,501
406,502
406,503
406,504
406,505
406,513
406,514
406,515
406,516
406,517
406,524
406,525
406,526
406,527
406,528
406,536
406,537
406,538
406,539
406,540
406,547
406,548
406,549
406,550
406,551
406,558
406,559
406,560
406,561
406,562
407,447
407,448
407,449
407,450
407,456
407,457
407,458
407,459
407,460
407,467
407,468
407,469
407,470
407,471
407,472
407,478
407,479
407,480
407,481
407,482
407,483
407,490
407,491
407,492
407,493
407,494
407,495
407,501
407,502
407,503
407,504
407,505
407,506
407,513
407,514
407,515
407,516
407,517
407,524
407,525
407,526
407,527
407,528
407,529
407,535
407,536
407,537
407,538
407,539
407,540
407,547
407,548
407,549
407,550
407,551
407,552
407,558
407,559
407,560
407,561
407,562
408,446
408,447
408,448
408,449
408,450
408,456
408,457
408,458
408,459
408,460
408,467
408,468
408,469
408,470
408,471
408,472
408,478
408,479
408,480
408,481
408,482
408,483
408,490
408,491
408,492
408,493
408,494
408,495
408,501
408,502
408,503
408,504
408,505
408,506
408,513
408,514
408,515
408,516
408,517
408,524
408,525
408,526
408,527
408,528
408,529
408,535
408,536
408,537
408,538
408,539
408,540
408,547
408,548
408,549
408,550
408,551
408,552
408,558
408,559
408,560
408,561
409,446
409,447
409,448
409,449
409,450
409,456
409,457
409,458
409,459
409,460
409,467
409,468
409,469
409,470
409,471
409,479
409,480
409,481
409,482
409,483
409,490
409,491
409,492
409,493
409,494
409,502
409,503
409,504
409,505
409,506
409,513
409,514
409,515
409,516
409,517
409,525
409,526
409,527
409,528
409,529
409,535
409,536
409,537
409,538
409,539
409,548
409,549
409,550
409,551
409,552
409,558
409,559
409,560
410,446
410,447
410,448
410,449
410,457
410,458
410,459
410,460
410,467
410,468
410,469
410,470
410,480
410,481
410,482
410,483
410,490
410,491
410,492
410,493
410,503
410,504
410,505
410,506
410,513
410,514
410,515
410,516
410,526
410,527
410,528
410,529
410,535
410,536
410,537
410,538
410,549
410,550
410,551
410,552
417,446
417,447
417,448
417,449
417,456
417,457
417,458
417,459
417,460
417,467
417,468
417,469
417,470
417,471
417,479
417,480
417,481
417,482
417,483
417,490
417,491
417,492
417,493
417,494
417,502
417,503
417,504
417,505
417,506
417,513
417,514
417,515
417,516
417,517
417,525
417,526
417,527
417,528
417,529
417,535
417,536
417,537
417,538
417,539
417,548
417,549
417,550
417,551
417,552
418,446
418,447
418,448
418,449
418,456
418,457
418,458
418,459
418,460
418,467
418,468
418,469
418,470
418,471
418,472
418,478
418,479
418,480
418,481
418,482
418,483
418,490
418,491
418,492
418,493
418,494
418,495
418,501
418,502
418,503
418,504
418,505
418,506
418,513
418,514
418,515
418,516
418,517
418,524
418,525
418,526
418,527
418,528
418,529
418,535
418,536
418,537
418,538
418,539
418,540
418,547
418,548
418,549
418,550
418,551
418,552
418,558
418,559
418,560
419,446
419,447
419,448
419,449
419,456
419,457
419,458
419,459
419,460
419,467
419,468
419,469
419,470
419,471
419,472
419,478
419,479
419,480
419,481
419,482
419,483
419,490
419,491
419,492
419,493
419,494
419,495
419,501
419,502
419,503
419,504
419,505
419,506
419,513
419,514
419,515
419,516
419,517
419,524
419,525
419,526
419,527
419,528
419,529
419,535
419,536
419,537
419,538
419,539
419,540
419,547
419,548
419,549
419,550
419,551
419,552
419,558
419,559
419,560
419,561
420,446
420,447
420,448
420,449
420,456
420,457
420,458
420,459
420,460
420,467
420,468
420,469
420,470
420,471
420,472
420,478
420,479
420,480
420,481
420,482
420,483
420,490
420,491
420,492
420,493
420,494
420,495
420,501
420,502
420,503
420,504
420,505
420,506
420,513
420,514
420,515
420,516
420,517
420,524
420,525
420,526
420,527
420,528
420,529
420,535
420,536
420,537
420,538
420,539
420,540
420,547
420,548
420,549
420,550
420,551
420,552
420,558
420,559
420,560
420,561
420,562
421,456
421,457
421,458
421,459
421,460
421,468
421,469
421,470
421,471
421,472
421,478
421,479
421,480
421,481
421,482
421,483
421,491
421,492
421,493
421,494
421,495
421,501
421,502
421,503
421,504
421,505
421,513
421,514
421,515
421,516
421,517
421,524
421,525
421,526
421,527
421,528
421,536
421,537
421,538
421,539
421,540
421,547
421,548
421,549
421,550
421,551
421,558
421,559
421,560
421,561
421,562
422,479
422,480
422,481
422,482
422,559
422,560
422,561
422,562
428,456
428,457
428,458
428,459
428,469
428,470
428,471
428,472
428,479
428,480
428,481
428,482
428,492
428,493
428,494
428,495
428,501
428,502
428,503
428,504
428,514
428,515
428,516
428,517
428,524
428,525
428,526
428,527
428,537
428,538
428,539
428,540
428,547
428,548
428,549
428,550
428,559
428,560
428,561
428,562
429,446
429,447
429,448
429,449
429,456
429,457
429,458
429,459
429,460
429,468
429,469
429,470
429,471
429,472
429,479
429,480
429,481
429,482
429,483
429,491
429,492
429,493
429,494
429,495
429,501
429,502
429,503
429,504
429,505
429,513
429,514
429,515
429,516
429,517
429,524
429,525
429,526
429,527
429,528
429,536
429,537
429,538
429,539
429,540
429,547
429,548
429,549
429,550
429,551
429,558
429,559
429,560
429,561
429,562
430,446
430,447
430,448
430,449
430,456
430,457
430,458
430,459
430,460
430,467
430,468
430,469
430,470
430,471
430,472
430,479
430,480
430,481
430,482
430,483
430,490
430,491
430,492
430,493
430,494
430,495
430,501
430,502
430,503
430,504
430,505
430,506
430,513
430,514
430,515
430,516
430,517
430,524
430,525
430,526
430,527
430,528
430,529
430,535
430,536
430,537
430,538
430,539
430,540
430,547
430,548
430,549
430,550
430,551
430,552
430,558
430,559
430,560
430,561
430,562
431,446
431,447
431,448
431,449
431,456
431,457
431,458
431,459
431,460
431,467
431,468
431,469
431,470
431,471
431,472
431,479
431,480
431,481
431,482
431,483
431,490
431,491
431,492
431,493
431,494
431,495
431,501
431,502
431,503
431,504
431,505
431,506
431,513
431,514
431,515
431,516
431,517
431,524
431,525
431,526
431,527
431,528
431,529
431,535
431,536
431,537
431,538
431,539
431,540
431,547
431,548
431,549
431,550
431,551
431,552
431,558
431,559
431,560
431,561
432,446
432,447
432,448
432,449
432,456
432,457
432,458
432,459
432,460
432,467
432,468
432,469
432,470
432,471
432,479
432,480
432,481
432,482
432,483
432,490
432,491
432,492
432,493
432,494
432,502
432,503
432,504
432,505
432,506
432,513
432,514
432,515
432,516
432,517
432,525
432,526
432,527
432,528
432,529
432,535
432,536
432,537
432,538
432,539
432,548
432,549
432,550
432,551
432,552
432,558
432,559
432,560
433,457
433,458
433,459
433,460
433,467
433,468
433,469
433,470
433,480
433,481
433,482
433,483
433,490
433,491
433,492
433,493
433,503
433,504
433,505
433,506
433,513
433,514
433,515
433,516
433,526
433,527
433,528
433,529
433,535
433,536
433,537
433,538
433,549
433,550
433,551
433,552
439,457
439,458
439,459
439,460
439,467
439,468
439,469
439,470
439,480
439,481
439,482
439,483
439,490
439,491
439,492
439,493
439,503
439,504
439,505
439,506
439,513
439,514
439,515
439,516
439,526
439,527
439,528
439,529
439,535
439,536
439,537
439,538
439,549
439,550
439,551
439,552
440,457
440,458
440,459
440,460
440,467
440,468
440,469
440,470
440,480
440,481
440,482
440,483
440,490
440,491
440,492
440,493
440,503
440,504
440,505
440,506
440,513
440,514
440,515
440,516
440,526
440,527
440,528
440,529
440,535
440,536
440,537
440,538
440,549
440,550
440,551
440,552
440,558
440,559
440,560
441,457
441,458
441,459
441,460
441,467
441,468
441,469
441,470
441,480
441,481
441,482
441,483
441,490
441,491
441,492
441,493
441,503
441,504
441,505
441,506
441,513
441,514
441,515
441,516
441,526
441,527
441,528
441,529
441,535
441,536
441,537
441,538
441,549
441,550
441,551
441,552
441,558
441,559
441,560
441,561
442,457
442,458
442,459
442,460
442,467
442,468
442,469
442,470
442,480
442,481
442,482
442,483
442,490
442,491
442,492
442,493
442,503
442,504
442,505
442,506
442,513
442,514
442,515
442,516
442,526
442,527
442,528
442,529
442,535
442,536
442,537
442,538
442,549
442,550
442,551
442,552
442,558
442,559
442,560
442,561
442,562
443,558
443,559
443,560
443,561
443,562
444,559
444,560
444,561
444,562
451,107
451,108
451,109
451,110
451,219
451,220
451,221
451,222
451,223
451,332
451,333
451,334
451,335
451,336
451,445
451,446
451,447
451,448
451,449
451,559
451,560
451,561
451,562
451,563
451,672
451,673
451,674
451,675
451,676
451,785
451,786
451,787
451,788
451,789
451,898
451,899
451,900
451,901
451,902
452,107
452,108
452,109
452,110
452,219
452,220
452,221
452,222
452,223
452,332
452,333
452,334
452,335
452,336
452,445
452,446
452,447
452,448
452,449
452,558
452,559
452,560
452,561
452,562
452,563
452,672
452,673
452,674
452,675
452,676
452,785
452,786
452,787
452,788
452,789
452,898
452,899
452,900
452,901
452,902
452,1011
452,1012
452,1013
452,1014
453,107
453,108
453,109
453,110
453,219
453,220
453,221
453,222
453,223
453,332
453,333
453,334
453,335
453,336
453,445
453,446
453,447
453,448
453,449
453,558
453,559
453,560
453,561
453,562
453,563
453,672
453,673
453,674
453,675
453,676
453,785
453,786
453,787
453,788
453,789
453,898
453,899
453,900
453,901
453,902
453,1011
453,1012
453,1013
453,1014
454,107
454,108
454,109
454,110
454,219
454,220
454,221
454,222
454,223
454,332
454,333
454,334
454,335
454,336
454,445
454,446
454,447
454,448
454,449
454,558
454,559
454,560
454,561
454,562
454,563
454,672
454,673
454,674
454,675
454,676
454,785
454,786
454,787
454,788
454,789
454,898
454,899
454,900
454,901
454,902
454,1011
454,1012
454,1013
454,1014
455,219
455,220
455,221
455,222
455,223
455,332
455,333
455,334
455,335
455,336
455,445
455,446
455,447
455,448
455,449
455,558
455,559
455,560
455,561
455,562
455,672
455,673
455,674
455,675
455,676
455,785
455,786
455,787
455,788
455,789
455,898
455,899
455,900
455,901
455,902
455,1011
455,1012
455,1013
455,1014
564,219
564,220
564,221
564,222
564,223
564,332
564,333
564,334
564,335
564,336
564,445
564,446
564,447
564,448
564,449
564,558
564,559
564,560
564,561
564,562
564,672
564,673
564,674
564,675
564,676
564,785
564,786
564,787
564,788
564,789
564,898
564,899
564,900
564,901
564,902
564,1011
564,1012
564,1013
564,1014
565,107
565,108
565,109
565,110
565,219
565,220
565,221
565,222
565,223
565,332
565,333
565,334
565,335
565,336
565,445
565,446
565,447
565,448
565,449
565,558
565,559
565,560
565,561
565,562
565,563
565,672
565,673
565,674
565,675
565,676
565,785
565,786
565,787
565,788
565,789
565,898
565,899
565,900
565,901
565,902
565,1011
565,1012
565,1013
565,1014
566,107
566,108
566,109
566,110
566,219
566,220
566,221
566,222
566,223
566,332
566,333
566,334
566,335
566,336
566,445
566,446
566,447
566,448
566,449
566,558
566,559
566,560
566,561
566,562
566,563
566,672
566,673
566,674
566,675
566,676
566,785
566,786
566,787
566,788
566,789
566,898
566,899
566,900
566,901
566,902
566,1011
566,1012
566,1013
566,1014
567,107
567,108
567,109
567,110
567,219
567,220
567,221
567,222
567,223
567,332
567,333
567,334
567,335
567,336
567,445
567,446
567,447
567,448
567,449
567,558
567,559
567,560
567,561
567,562
567,563
567,672
567,673
567,674
567,675
567,676
567,785
567,786
567,787
567,788
567,789
567,898
567,899
567,900
567,901
567,902
567,1011
567,1012
567,1013
567,1014
568,107
568,108
568,109
568,110
568,219
568,220
568,221
568,222
568,223
568,332
568,333
568,334
568,335
568,336
568,445
568,446
568,447
568,448
568,449
568,559
568,560
568,561
568,562
568,563
568,672
568,673
568,674
568,675
568,676
568,785
568,786
568,787
568,788
568,789
568,898
568,899
568,900
568,901
568,902
678,107
678,108
678,109
678,110
678,219
678,220
678,221
678,222
678,333
678,334
678,335
678,336
678,445
678,446
678,447
678,448
678,560
678,561
678,562
678,563
678,672
678,673
678,674
678,675
678,786
678,787
678,788
678,789
678,898
678,899
678,900
678,901
679,107
679,108
679,109
679,110
679,219
679,220
679,221
679,222
679,333
679,334
679,335
679,336
679,445
679,446
679,447
679,448
679,560
679,561
679,562
679,563
679,672
679,673
679,674
679,675
679,786
679,787
679,788
679,789
679,898
679,899
679,900
679,901
680,107
680,108
680,109
680,110
680,219
680,220
680,221
680,222
680,333
680,334
680,335
680,336
680,445
680,446
680,447
680,448
680,560
680,561
680,562
680,563
680,672
680,673
680,674
680,675
680,786
680,787
680,788
680,789
680,898
680,899
680,900
680,901
681,107
681,108
681,109
681,110
681,219
681,220
681,221
681,222
681,333
681,334
681,335
681,336
681,445
681,446
681,447
681,448
681,560
681,561
681,562
681,563
681,672
681,673
681,674
681,675
681,786
681,787
681,788
681,789
681,898
681,899
681,900
681,901
